<?xml version='1.0' encoding='utf-8' standalone='yes' ?>
<map>
    <string name="prev_event_name">af_deeplink_received</string>
    <long name="prev_event_timestamp" value="1756201629286" />
    <int name="appsFlyerInAppEventCount" value="8" />
    <long name="prev_session_dur" value="3" />
    <boolean name="ddl_sent" value="true" />
    <long name="af_rc_max_age" value="86400" />
    <string name="sentSuccessfully">true</string>
    <string name="af_remote_config">eyJmZWF0dXJlcyI6e30sInZlciI6ImRlZmF1bHQudjEuMTYzNzE0OTUyOSJ9</string>
    <int name="versionCode" value="50106" />
    <string name="savedProperties">{&quot;uid&quot;:&quot;1756201515595-4762660544636890470&quot;,&quot;waitForCustomerId&quot;:&quot;false&quot;,&quot;logLevel&quot;:&quot;0&quot;,&quot;AppUserId&quot;:&quot;230404195&quot;}</string>
    <string name="AF_INSTALLATION">1756201515595-4762660544636890470</string>
    <boolean name="afUninstallToken_queued" value="false" />
    <int name="appsFlyerCount" value="11" />
    <long name="af_rc_timestamp" value="1756201515911" />
    <long name="AppsFlyerTimePassedSincePrevLaunch" value="1756201629295" />
    <boolean name="newGPReferrerSent" value="true" />
    <long name="appsflyerConversionDataCacheExpiration" value="1756201521435" />
    <string name="appsFlyerFirstInstall"></string>
    <string name="attributionId">{&quot;adgroup_id&quot;:&quot;120232716581130357&quot;,&quot;retargeting_conversion_type&quot;:&quot;re-attribution&quot;,&quot;is_fb&quot;:true,&quot;is_first_launch&quot;:false,&quot;iscache&quot;:false,&quot;click_time&quot;:&quot;2025-08-25 15:21:43.000&quot;,&quot;adset&quot;:&quot;272392\/Billion Dollar Wala Blunder&quot;,&quot;match_type&quot;:&quot;fb_referrer&quot;,&quot;af_channel&quot;:null,&quot;is_paid&quot;:false,&quot;campaign_id&quot;:&quot;120232028251550357&quot;,&quot;install_time&quot;:&quot;2025-08-26 09:45:18.669&quot;,&quot;agency&quot;:null,&quot;media_source&quot;:&quot;Facebook Ads&quot;,&quot;af_siteid&quot;:null,&quot;af_status&quot;:&quot;Non-organic&quot;,&quot;af_sub1&quot;:null,&quot;ad_id&quot;:&quot;120232717153580357&quot;,&quot;af_sub5&quot;:null,&quot;af_sub4&quot;:null,&quot;af_sub3&quot;:null,&quot;af_sub2&quot;:null,&quot;adset_id&quot;:&quot;120232028251540357&quot;,&quot;http_referrer&quot;:null,&quot;campaign&quot;:&quot;FB|ABO|Hindi|RM||app|AR|Billion Dollar Wala Blunder|||Subs|IN|Remarketing|Test|trial_s2s|KF_TV|Kunj|Jul 24&quot;,&quot;is_mobile_data_terms_signed&quot;:false,&quot;adgroup&quot;:&quot;KK1833\/272392\/Billion Dollar Wala Blunder\/Irshada\/Parents Working&quot;}</string>
</map>
