<?xml version='1.0' encoding='utf-8' standalone='yes' ?>
<map>
    <int name="AF_CACHE_VERSION" value="1" />
    <string name="prev_event_name">af_deeplink_received</string>
    <long name="prev_event_timestamp" value="1758017422688" />
    <boolean name="didSendRevenueTriggerOnLastBackground" value="false" />
    <int name="appsFlyerInAppEventCount" value="11" />
    <long name="prev_session_dur" value="2" />
    <long name="af_rc_max_age" value="86400" />
    <boolean name="ddl_sent" value="true" />
    <string name="sentSuccessfully">true</string>
    <int name="versionCode" value="5040201" />
    <string name="af_remote_config">eyJmZWF0dXJlcyI6e30sInZlciI6ImRlZmF1bHQudjEuMTYzNzE0OTUyOSJ9</string>
    <string name="savedProperties">{&quot;waitForCustomerId&quot;:&quot;false&quot;,&quot;logLevel&quot;:&quot;0&quot;,&quot;AppUserId&quot;:&quot;168850997&quot;}</string>
    <string name="AF_INSTALLATION">1758016846843-2142950089404510455</string>
    <boolean name="afUninstallToken_queued" value="false" />
    <int name="appsFlyerCount" value="8" />
    <long name="af_rc_timestamp" value="1758016847618" />
    <long name="AppsFlyerTimePassedSincePrevLaunch" value="1758017422685" />
    <boolean name="newGPReferrerSent" value="true" />
    <string name="appsFlyerFirstInstall">2025-09-16_153047+0530</string>
    <string name="attributionId">{&quot;install_time&quot;:&quot;2025-09-16 10:00:54.246&quot;,&quot;af_message&quot;:&quot;organic install&quot;,&quot;af_status&quot;:&quot;Organic&quot;,&quot;is_first_launch&quot;:false}</string>
</map>
