<?xml version='1.0' encoding='utf-8' standalone='yes' ?>
<map>
    <int name="AF_CACHE_VERSION" value="1" />
    <string name="prev_event_name">af_deeplink_received</string>
    <long name="prev_event_timestamp" value="1755382637753" />
    <boolean name="didSendRevenueTriggerOnLastBackground" value="false" />
    <int name="appsFlyerInAppEventCount" value="7" />
    <long name="prev_session_dur" value="7" />
    <long name="af_rc_max_age" value="86400" />
    <boolean name="ddl_sent" value="true" />
    <string name="sentSuccessfully">true</string>
    <int name="versionCode" value="5040201" />
    <string name="af_remote_config">eyJmZWF0dXJlcyI6e30sInZlciI6ImRlZmF1bHQudjEuMTYzNzE0OTUyOSJ9</string>
    <string name="savedProperties">{&quot;waitForCustomerId&quot;:&quot;false&quot;,&quot;logLevel&quot;:&quot;0&quot;,&quot;userEmails&quot;:&quot;{\&quot;plain_el_arr\&quot;:[\&quot;null\&quot;]}&quot;,&quot;AppUserId&quot;:&quot;223953441&quot;,&quot;userEmailsCryptType&quot;:&quot;0&quot;}</string>
    <string name="AF_INSTALLATION">1755382588156-8122149019653615925</string>
    <boolean name="afUninstallToken_queued" value="false" />
    <int name="appsFlyerCount" value="4" />
    <long name="af_rc_timestamp" value="1755382589068" />
    <long name="AppsFlyerTimePassedSincePrevLaunch" value="1755382637750" />
    <boolean name="newGPReferrerSent" value="true" />
    <string name="appsFlyerFirstInstall">2025-08-17_034628+0530</string>
    <string name="attributionId">{&quot;install_time&quot;:&quot;2025-08-16 22:16:31.265&quot;,&quot;af_message&quot;:&quot;organic install&quot;,&quot;af_status&quot;:&quot;Organic&quot;,&quot;is_first_launch&quot;:false}</string>
</map>
