<?xml version='1.0' encoding='utf-8' standalone='yes' ?>
<map>
    <int name="AF_CACHE_VERSION" value="1" />
    <string name="prev_event_name">main_activity_on_create</string>
    <long name="prev_event_timestamp" value="1758088252787" />
    <boolean name="didSendRevenueTriggerOnLastBackground" value="false" />
    <int name="appsFlyerInAppEventCount" value="4" />
    <long name="prev_session_dur" value="37" />
    <long name="af_rc_max_age" value="86400" />
    <boolean name="ddl_sent" value="true" />
    <string name="sentSuccessfully">true</string>
    <int name="versionCode" value="5040201" />
    <string name="af_remote_config">eyJmZWF0dXJlcyI6e30sInZlciI6ImRlZmF1bHQudjEuMTYzNzE0OTUyOSJ9</string>
    <string name="savedProperties">{&quot;waitForCustomerId&quot;:&quot;false&quot;,&quot;logLevel&quot;:&quot;0&quot;,&quot;userEmails&quot;:&quot;{\&quot;plain_el_arr\&quot;:[\&quot;null\&quot;]}&quot;,&quot;AppUserId&quot;:&quot;221835395&quot;,&quot;userEmailsCryptType&quot;:&quot;0&quot;}</string>
    <string name="AF_INSTALLATION">1758088242881-1455747431162905228</string>
    <boolean name="afUninstallToken_queued" value="false" />
    <int name="appsFlyerCount" value="2" />
    <long name="af_rc_timestamp" value="1758088243343" />
    <long name="AppsFlyerTimePassedSincePrevLaunch" value="1758088251147" />
    <boolean name="newGPReferrerSent" value="true" />
    <string name="appsFlyerFirstInstall">2025-09-17_112043+0530</string>
    <string name="attributionId">{&quot;af_status&quot;:&quot;Organic&quot;,&quot;af_message&quot;:&quot;organic install&quot;,&quot;is_first_launch&quot;:false}</string>
</map>
