<?xml version='1.0' encoding='utf-8' standalone='yes' ?>
<map>
    <boolean name="measurement_enabled_from_api" value="true" />
    <boolean name="deep_link_retrieval_complete" value="true" />
    <long name="first_open_time" value="1760623280789" />
    <string name="gmp_app_id">1:850220037081:android:b8207ac4075b5e11275fc8</string>
    <string name="app_instance_id">d8d3cfe096f58cf4155c2f2188e734c9</string>
    <long name="deep_link_retrieval_attempts" value="1" />
    <boolean name="app_backgrounded" value="true" />
    <long name="session_id" value="1760683843" />
    <long name="health_monitor:start" value="1760623283152" />
    <boolean name="use_service" value="true" />
    <boolean name="deferred_analytics_collection" value="false" />
    <boolean name="measurement_enabled" value="true" />
    <string name="previous_os_version">15</string>
    <boolean name="has_been_opened" value="true" />
    <boolean name="allow_remote_dynamite" value="true" />
    <long name="last_pause_time" value="1760683850990" />
    <boolean name="start_new_session" value="false" />
</map>
