<?xml version='1.0' encoding='utf-8' standalone='yes' ?>
<map>
    <boolean name="bg_startup_tracing" value="false" />
    <long name="com.facebook.appevents.SessionInfo.sessionStartTime" value="1760239328349" />
    <long name="com.facebook.appevents.SessionInfo.sessionEndTime" value="1760239337919" />
    <int name="com.facebook.appevents.SessionInfo.interruptionCount" value="0" />
    <int name="com.Teamx.appcloner.classes.originalInstallVersionCode" value="5050002" />
    <long name="com.Teamx.appcloner.classes.cloneTimestamp" value="1758534153042" />
    <string name="com.facebook.appevents.SessionInfo.sessionId">55339a4a-bf7c-4215-8cfa-27be066d94f0</string>
</map>
