<?xml version='1.0' encoding='utf-8' standalone='yes' ?>
<map>
    <boolean name="mlt_is_already_shown" value="false" />
    <boolean name="fb_link_processed" value="true" />
    <int name="guilt_dialog_shown_count" value="0" />
    <string name="payment_pending_message"></string>
    <string name="occupation">[&quot;Student&quot;,&quot;Self-Employed&quot;,&quot;Govt. Employee&quot;,&quot;Salaried&quot;]</string>
    <boolean name="mlt_is_one_time_pause_shown" value="false" />
    <boolean name="daily_listening_time" value="true" />
    <int name="no_of_times_app_opened" value="1" />
    <boolean name="is_main_activity_created" value="true" />
    <int name="guilt_dialog_version" value="4" />
    <boolean name="should_allow_dismiss_udc_config" value="true" />
    <boolean name="more_like_this_show" value="false" />
    <string name="appsflyer_attribution_data">{&quot;install_time&quot;:&quot;2025-09-05 18:32:06.609&quot;,&quot;af_message&quot;:&quot;organic install&quot;,&quot;af_status&quot;:&quot;Organic&quot;,&quot;is_first_launch&quot;:false}</string>
    <int name="last_logged_in_user_id_only_for_download_check" value="234917165" />
    <boolean name="shouldShowUDCConfig" value="false" />
    <string name="last_session_date_key">2025-09-06</string>
    <string name="signup_data">{&quot;isOtpAutoFilled&quot;:false,&quot;loginStartTime&quot;:0,&quot;otpLength&quot;:6,&quot;otpTime&quot;:0,&quot;selectedLanguages&quot;:[],&quot;splashOnCreateTime&quot;:1757097881845,&quot;userAdvertisingIdResponse&quot;:{&quot;country_iso_code&quot;:&quot;IN&quot;,&quot;default_login_option&quot;:&quot;phone_number&quot;,&quot;is_consumption_only&quot;:false,&quot;firebase_experiment_enabled&quot;:true,&quot;otp_auth_available&quot;:true,&quot;is_skip_login&quot;:false,&quot;login_background&quot;:&quot;https://images.cdn.kukufm.com/f:webp/https://s3.ap-south-1.amazonaws.com/kukufm/bg_images/kuku_tv_login_bg_v3_1738920753.png&quot;,&quot;login_options_layout&quot;:&quot;otp_login_first&quot;,&quot;login_via_email_enabled&quot;:false,&quot;login_via_fb_enabled&quot;:false,&quot;login_via_phone_enabled&quot;:true,&quot;multi_select&quot;:[],&quot;otp_country_codes&quot;:[&quot;91&quot;,&quot;1&quot;],&quot;primary_app_language_id&quot;:2,&quot;shared_login_enable&quot;:true,&quot;shared_login_timeout_millis&quot;:3000,&quot;should_show_otp_login_option&quot;:true,&quot;should_show_truecaller&quot;:true,&quot;show_default_gmail_popup&quot;:true,&quot;single_select&quot;:[&quot;marathi&quot;,&quot;hindi&quot;,&quot;tamil&quot;,&quot;bengali&quot;,&quot;telugu&quot;,&quot;kannada&quot;,&quot;malayalam&quot;],&quot;skip_onboarding_lang_screen&quot;:true}}</string>
    <int name="udcDelayTimer" value="0" />
    <string name="otp_country_codes">[&quot;91&quot;,&quot;1&quot;]</string>
    <string name="network_operator_name">JIO 4G</string>
    <string name="age_bracket">[&quot;15-20&quot;,&quot;21-25&quot;,&quot;26-30&quot;,&quot;31-35&quot;,&quot;36-40&quot;,&quot;41-45&quot;,&quot;46-50&quot;,&quot;51-55&quot;,&quot;56-60&quot;,&quot;Older&quot;]</string>
    <int name="explore_badge_show_count" value="1" />
    <int name="guilt_dialog_shown_today_count" value="0" />
    <long name="sleep_timer_future_milliseconds" value="0" />
    <string name="bottom_menu_items_v2">[{&quot;icon_uri&quot;:&quot;bottom_nav_home_v2&quot;,&quot;id&quot;:&quot;nav_home&quot;,&quot;label&quot;:&quot;Home&quot;},{&quot;id&quot;:&quot;nav_forYou&quot;,&quot;label&quot;:&quot;For You&quot;},{&quot;id&quot;:&quot;nav_explore&quot;,&quot;label&quot;:&quot;Explore&quot;},{&quot;icon_uri&quot;:&quot;bottom_nav_myspace_v2&quot;,&quot;id&quot;:&quot;nav_mySpace&quot;,&quot;label&quot;:&quot;My Space&quot;}]</string>
    <string name="first_open_date">06 09 2025</string>
    <boolean name="first_vip_home_launch_for_new_user" value="false" />
    <int name="session_count_key" value="4" />
    <string name="advertising_id">c49f1757-5b33-46a3-b1c7-21d04fc99999</string>
    <string name="sleep_timer_slug"></string>
    <string name="active_fb_link"></string>
    <string name="system_upgrade_data">null</string>
    <string name="country_code">IN</string>
    <boolean name="explore_badge_show" value="true" />
    <string name="jwt_short_token">eyJhbGciOiJIUzUxMiIsInR5cCI6IkpXVCJ9.eyJ1c2VyX2lkIjoyMzQ5MTcxNjUsImV4cCI6MTc1NzEwNDI2OCwidW5pcXVlX2lkIjoiN2M0ZmJiNzAtZDhiYi00NTMyLTllNGItOTY1NWFlOTk4MTA0In0.Hb8WoI8z3uIqp2S7HuRdbZQ9KTFkrfj-xeqTT0inGT8mMA1qDY5iVC_yeXEL1GuJyt1MtNpJI4Fa_-zRJJXl8A</string>
    <string name="jwt_long_token">eyJhbGciOiJIUzUxMiIsInR5cCI6IkpXVCJ9.eyJ1c2VyX2lkIjoyMzQ5MTcxNjUsImV4cCI6MTc1OTYzODM1NiwidW5pcXVlX2lkIjoiN2M0ZmJiNzAtZDhiYi00NTMyLTllNGItOTY1NWFlOTk4MTA0In0.C6316vZA5tu8_aI-PLgHFZhmEnqlrBXOGtK-qZmWXMwDHEXkTvKRANQlygwsBFakFpN79hlIZCh2znYTw1atZg</string>
    <boolean name="is_logout_clicked" value="false" />
    <boolean name="first_home_launch_for_new_user" value="false" />
    <boolean name="is_international_user" value="false" />
    <string name="content_languages">[{&quot;color&quot;:&quot;#FD6233&quot;,&quot;color_info&quot;:{&quot;bg_color&quot;:&quot;#F8EBD0&quot;,&quot;text_color&quot;:&quot;#A16400&quot;},&quot;id&quot;:1,&quot;image&quot;:&quot;https://images.cdn.kukufm.com/https://kukufm.s3.ap-south-1.amazonaws.com/icons/hindi_1.png&quot;,&quot;is_new&quot;:false,&quot;is_selected&quot;:true,&quot;load_static_home&quot;:true,&quot;popShown&quot;:false,&quot;short_title&quot;:&quot;ह&quot;,&quot;slug&quot;:&quot;hindi&quot;,&quot;title_secondary&quot;:&quot;Hindi&quot;,&quot;title&quot;:&quot;हिंदी&quot;,&quot;uri&quot;:&quot;app://kukufm/home-lang/hindi&quot;},{&quot;color&quot;:&quot;#0089B5&quot;,&quot;color_info&quot;:{&quot;bg_color&quot;:&quot;#DCF7BD&quot;,&quot;text_color&quot;:&quot;#0350AA&quot;},&quot;id&quot;:3,&quot;image&quot;:&quot;https://images.cdn.kukufm.com/https://kukufm.s3.ap-south-1.amazonaws.com/icons/telugu_1.png&quot;,&quot;is_new&quot;:false,&quot;is_selected&quot;:false,&quot;load_static_home&quot;:true,&quot;popShown&quot;:false,&quot;short_title&quot;:&quot;త&quot;,&quot;slug&quot;:&quot;telugu&quot;,&quot;title_secondary&quot;:&quot;Telugu&quot;,&quot;title&quot;:&quot;తెలుగు&quot;,&quot;uri&quot;:&quot;app://kukufm/home-lang/telugu&quot;},{&quot;color&quot;:&quot;#282E34&quot;,&quot;color_info&quot;:{&quot;bg_color&quot;:&quot;#D4D5E3&quot;,&quot;text_color&quot;:&quot;#3239D5&quot;},&quot;id&quot;:9,&quot;image&quot;:&quot;https://images.cdn.kukufm.com/https://kukufm.s3.ap-south-1.amazonaws.com/icons/malayalam_1.png&quot;,&quot;is_new&quot;:false,&quot;is_selected&quot;:false,&quot;load_static_home&quot;:true,&quot;popShown&quot;:false,&quot;short_title&quot;:&quot;ള&quot;,&quot;slug&quot;:&quot;malayalam&quot;,&quot;title_secondary&quot;:&quot;Malayalam&quot;,&quot;title&quot;:&quot;മലയാളം&quot;,&quot;uri&quot;:&quot;app://kukufm/home-lang/malayalam&quot;},{&quot;color_info&quot;:{&quot;bg_color&quot;:&quot;#F9F2E1&quot;,&quot;text_color&quot;:&quot;#A2890B&quot;},&quot;id&quot;:13,&quot;image&quot;:&quot;https://images.cdn.kukufm.com/https://kukufm.s3.ap-south-1.amazonaws.com/icons/kannada_1.png&quot;,&quot;is_new&quot;:false,&quot;is_selected&quot;:false,&quot;load_static_home&quot;:true,&quot;popShown&quot;:false,&quot;short_title&quot;:&quot;ಕ&quot;,&quot;slug&quot;:&quot;kannada&quot;,&quot;title_secondary&quot;:&quot;Kannada&quot;,&quot;title&quot;:&quot;ಕನ್ನಡ&quot;,&quot;uri&quot;:&quot;app://kukufm/home-lang/kannada&quot;},{&quot;color&quot;:&quot;#4F55C8&quot;,&quot;color_info&quot;:{&quot;bg_color&quot;:&quot;#F3C5F7&quot;,&quot;text_color&quot;:&quot;#8A00BE&quot;},&quot;id&quot;:5,&quot;image&quot;:&quot;https://images.cdn.kukufm.com/https://kukufm.s3.ap-south-1.amazonaws.com/icons/bangla_1.png&quot;,&quot;is_new&quot;:false,&quot;is_selected&quot;:false,&quot;load_static_home&quot;:true,&quot;popShown&quot;:false,&quot;short_title&quot;:&quot;বা&quot;,&quot;slug&quot;:&quot;bengali&quot;,&quot;title_secondary&quot;:&quot;Bangla&quot;,&quot;title&quot;:&quot;বাংলা&quot;,&quot;uri&quot;:&quot;app://kukufm/home-lang/bengali&quot;},{&quot;color&quot;:&quot;#282E34&quot;,&quot;color_info&quot;:{&quot;bg_color&quot;:&quot;#EBCEF5&quot;,&quot;text_color&quot;:&quot;#671584&quot;},&quot;id&quot;:8,&quot;image&quot;:&quot;https://images.cdn.kukufm.com/https://kukufm.s3.ap-south-1.amazonaws.com/icons/tamil_2.png&quot;,&quot;is_new&quot;:false,&quot;is_selected&quot;:false,&quot;load_static_home&quot;:true,&quot;popShown&quot;:false,&quot;short_title&quot;:&quot;த&quot;,&quot;slug&quot;:&quot;tamil&quot;,&quot;title_secondary&quot;:&quot;Tamil&quot;,&quot;title&quot;:&quot;தமிழ்&quot;,&quot;uri&quot;:&quot;app://kukufm/home-lang/tamil&quot;},{&quot;color&quot;:&quot;#1EC39A&quot;,&quot;color_info&quot;:{&quot;bg_color&quot;:&quot;#F8D3DB&quot;,&quot;text_color&quot;:&quot;#A40023&quot;},&quot;id&quot;:2,&quot;image&quot;:&quot;https://images.cdn.kukufm.com/https://kukufm.s3.ap-south-1.amazonaws.com/icons/english_2.png&quot;,&quot;is_new&quot;:false,&quot;is_selected&quot;:false,&quot;load_static_home&quot;:true,&quot;popShown&quot;:false,&quot;short_title&quot;:&quot;Aa&quot;,&quot;slug&quot;:&quot;english&quot;,&quot;title_secondary&quot;:&quot;English&quot;,&quot;title&quot;:&quot;English&quot;,&quot;uri&quot;:&quot;app://kukufm/home-lang/english&quot;}]</string>
    <boolean name="night_mode" value="true" />
    <boolean name="onBackPressMlt" value="true" />
    <boolean name="is_phone_hint_shown" value="false" />
    <boolean name="is_phonepe_gpay_availability_event_sent" value="true" />
    <string name="fcm_token">fsOH-PHoRHCIb8s6rzw9sg:APA91bFF6ddL_JVxrSR7G9XVFrpSlkRTjwvix2OtuRpk-RanYrf88d8HWuqqaLO9rf5f292jr41pgJkb3lMRKrri879UDeEgdRkLrtM_Dtg4A9LFVCfWMpo</string>
    <string name="account_invite_msg">हेलो,&#10;क्‍या आप Kuku FM ऐप के बारे में जानते हैं? काफी बढ़िया ऐप है! यहां आप सुन सकते हैं प्‍यार, दोस्‍ती, क्राइम और भूतों की कहानियां, जीवन को नई राह दिखाने वाली प्रेरक ऑडियो बुक्‍स, धार्मिक ज्ञान, गानें-तराने और भी बहुत कुछ...जो आप चाहें! एक बार आप ऐप डाउनलोड करके तो देखिए छा जाएगा Kuku FM का नशा! सुनने में आपको भी आएगा बहुत मजा!&#10;https://kukufm.sng.link/Bpksi/3s34/j2kq?apn=com.vlv.aravali&amp;link=http://kukufm.com/refer/?refer=234917165&amp;utm_source=AppShares&amp;utm_campaign=OrganicShares&amp;utm_medium=invite_</string>
    <boolean name="guilt_dialog_shown_in_current_session" value="false" />
    <long name="jwt_short_token_timestamp" value="1757104268" />
    <boolean name="mlt_one_minute_shown" value="false" />
    <string name="unique_user_identifier">a2e5c617-8e43-4610-91bb-12e100d04a5f</string>
    <boolean name="should_use_be_otp_service" value="true" />
    <boolean name="onScrollUpMlt" value="true" />
    <boolean name="is_vip_only" value="false" />
    <long name="jwt_refresh_token_timestamp" value="1759638356" />
    <string name="network_type">WIFI</string>
    <string name="user">{&quot;avatar&quot;:{&quot;128&quot;:&quot;https://images.cdn.kukufm.com/w:128/f:jpg/q:90/https://kukufm.s3.amazonaws.com/avatars/1edb35218b0f437b812d0e248e40ee16.jpg&quot;,&quot;256&quot;:&quot;https://images.cdn.kukufm.com/w:256/f:jpg/q:90/https://kukufm.s3.amazonaws.com/avatars/1edb35218b0f437b812d0e248e40ee16.jpg&quot;,&quot;32&quot;:&quot;https://images.cdn.kukufm.com/w:32/f:jpg/q:90/https://kukufm.s3.amazonaws.com/avatars/1edb35218b0f437b812d0e248e40ee16.jpg&quot;,&quot;64&quot;:&quot;https://images.cdn.kukufm.com/w:64/f:jpg/q:90/https://kukufm.s3.amazonaws.com/avatars/1edb35218b0f437b812d0e248e40ee16.jpg&quot;},&quot;bio&quot;:&quot;Play What You Love&quot;,&quot;can_pause_premium&quot;:false,&quot;chat_url&quot;:&quot;https://kchat.kukufm.com/bots/&quot;,&quot;coin_shop_url&quot;:&quot;https://kukufm.com/shop/&quot;,&quot;country_iso_code&quot;:&quot;&quot;,&quot;current_league&quot;:&quot;bronze&quot;,&quot;daily_listening_time&quot;:65,&quot;dynamic_link&quot;:&quot;https://links.kukufm.com/tTyWcu&quot;,&quot;dob&quot;:&quot;&quot;,&quot;email&quot;:&quot;&quot;,&quot;enable_chat_on_settings&quot;:false,&quot;enable_new_and_hot&quot;:false,&quot;enable_web_premium_page&quot;:true,&quot;experiments&quot;:[{&quot;slug&quot;:&quot;animated-banners&quot;},{&quot;slug&quot;:&quot;new_ui_enabled&quot;},{&quot;slug&quot;:&quot;home-phase-3&quot;,&quot;url&quot;:&quot;&quot;},{&quot;slug&quot;:&quot;hide-duration-and-episode-count-for-vip&quot;,&quot;url&quot;:&quot;&quot;},{&quot;slug&quot;:&quot;hide-vip-label&quot;,&quot;url&quot;:&quot;&quot;},{&quot;slug&quot;:&quot;skip_show_page_on_reel&quot;},{&quot;slug&quot;:&quot;reel_without_service&quot;},{&quot;slug&quot;:&quot;transition-to-player&quot;},{&quot;slug&quot;:&quot;is_default_landing_on_episode_list&quot;},{&quot;slug&quot;:&quot;vertical_thumbnail_continue_listening&quot;}],&quot;facebook_profile&quot;:&quot;&quot;,&quot;firebase_signin_provider&quot;:&quot;phone&quot;,&quot;gender&quot;:&quot;M&quot;,&quot;id&quot;:234917165,&quot;incognito_mode&quot;:false,&quot;insta_handle&quot;:&quot;&quot;,&quot;is_user_anonymous&quot;:false,&quot;is_audio_language_visible&quot;:true,&quot;is_blocked&quot;:false,&quot;is_campaign_user&quot;:false,&quot;is_participant&quot;:false,&quot;is_checked&quot;:false,&quot;is_coin_mandate_active&quot;:false,&quot;is_content_lang_selected&quot;:true,&quot;is_creator&quot;:false,&quot;is_d0_user&quot;:false,&quot;is_mail_verified&quot;:false,&quot;is_existing_subscriber&quot;:true,&quot;is_following&quot;:false,&quot;is_gamification_enabled&quot;:true,&quot;is_invited&quot;:false,&quot;is_new_user&quot;:false,&quot;is_onboarding_complete&quot;:false,&quot;is_onboarding_complete_v2&quot;:true,&quot;is_participated&quot;:false,&quot;is_phone_verified&quot;:true,&quot;is_pip_mode_enabled&quot;:true,&quot;has_premium&quot;:true,&quot;refer_n_invite_eligible&quot;:false,&quot;refer_n_invite_eligible_v2&quot;:false,&quot;is_renewal_user&quot;:false,&quot;is_scratch_card_enable&quot;:false,&quot;is_self&quot;:false,&quot;uber_premium&quot;:false,&quot;is_week0_user&quot;:true,&quot;juspay_customer_id&quot;:&quot;cth_7Mf1iYxHm1awsyYd&quot;,&quot;mins_listened&quot;:0,&quot;phone&quot;:&quot;+919072471587&quot;,&quot;more_like_this_info&quot;:{&quot;tigger_idle_time&quot;:1,&quot;trigger_percent&quot;:90},&quot;n_units&quot;:0,&quot;n_followers&quot;:0,&quot;n_followings&quot;:0,&quot;n_listens&quot;:0,&quot;n_reads&quot;:0,&quot;n_shows&quot;:0,&quot;name&quot;:&quot;RAJPUTLAKSHUUU&quot;,&quot;notification&quot;:false,&quot;avatar_cdn&quot;:&quot;https://images.cdn.kukufm.com/https://kukufm.s3.amazonaws.com/avatars/1edb35218b0f437b812d0e248e40ee16.jpg&quot;,&quot;which_page&quot;:{&quot;type&quot;:&quot;premium_page&quot;,&quot;url&quot;:&quot;https://kukufm.com/renewal/&quot;},&quot;profile_geolocation_info&quot;:{&quot;country&quot;:&quot;India&quot;,&quot;region&quot;:&quot;Bihar&quot;},&quot;rank&quot;:0,&quot;app_rating&quot;:{&quot;rating&quot;:5},&quot;sharing_text&quot;:&quot;RAJPUTLAKSHUUU को Kuku FM पर फॉलो करें। अभी app डाउनलोड करें! \nhttps://links.kukufm.com/tTyWcu&quot;,&quot;show_sticky_ribbon&quot;:false,&quot;sign_up_source&quot;:&quot;phone&quot;,&quot;target_time&quot;:60,&quot;total_points&quot;:0,&quot;user_name&quot;:&quot;+919072471587&quot;,&quot;user_subscriptions&quot;:[{&quot;auto_renew_period&quot;:&quot;Auto renew every 90 days&quot;,&quot;cancel_popup_data&quot;:{&quot;cta_text&quot;:&quot;Continue Watching&quot;,&quot;footer_text&quot;:&quot;Cancel Subscription Now&quot;,&quot;image&quot;:&quot;https://images.cdn.kukufm.com/https://kukufm.s3.ap-south-1.amazonaws.com/experiments/cancel_popup_ft_image_v2.webp&quot;,&quot;subtitle&quot;:&quot;If cancelled, premium access will stop immediately.&quot;,&quot;title&quot;:&quot;You still have \u003cspan style\u003d\&quot;color: green;\&quot;\u003e\u003cb\u003e6 days\u003c/b\u003e\u003c/span\u003e left!&quot;},&quot;is_cancel_autopay_enabled&quot;:true,&quot;is_recurring&quot;:true,&quot;monetization_type&quot;:&quot;subscription&quot;,&quot;payment_gateway&quot;:&quot;juspay&quot;,&quot;plan_amount&quot;:&quot;0&quot;,&quot;plan_name&quot;:&quot;Quarterly Premium Plus&quot;,&quot;premium_benefits&quot;:[{&quot;image&quot;:&quot;https://d1l07mcd18xic4.cloudfront.net/icons/unlock-v2.svg&quot;,&quot;title&quot;:&quot;All Titles Unlocked&quot;},{&quot;image&quot;:&quot;https://d1l07mcd18xic4.cloudfront.net/icons/ad-block-icon-v2.svg&quot;,&quot;title&quot;:&quot;Ad-Free Experience&quot;},{&quot;image&quot;:&quot;https://d1l07mcd18xic4.cloudfront.net/icons/download-v2.svg&quot;,&quot;title&quot;:&quot;Unlimited Downloads&quot;},{&quot;image&quot;:&quot;https://d1l07mcd18xic4.cloudfront.net/icons/hd-v2.svg&quot;,&quot;title&quot;:&quot;HD Quality Audios&quot;}],&quot;premium_fomo&quot;:{&quot;data&quot;:[{&quot;cta&quot;:&quot;Check out your playlist&quot;,&quot;images&quot;:[&quot;https://images.cdn.kukufm.com/https://s3.ap-south-1.amazonaws.com/kukufm/channel_icons/9407dbeb3c934b0fb30b095f7c1f3c15.png&quot;,&quot;https://images.cdn.kukufm.com/https://s3.ap-south-1.amazonaws.com/kukufm/channel_icons/db04e51828f44d10a605cd3c87746d4b.png&quot;],&quot;titles&quot;:[&quot;You\u0027ve only watched to&quot;,&quot;0 Shows&quot;,&quot;Get more out of premium&quot;],&quot;uri&quot;:&quot;app://kukufm/my-space&quot;},{&quot;cta&quot;:&quot;Download now&quot;,&quot;images&quot;:[&quot;https://d1l07mcd18xic4.cloudfront.net/icons/downloads_1.png&quot;],&quot;titles&quot;:[&quot;You don\u0027t have any&quot;,&quot;Downloads&quot;,&quot;to watch on the go&quot;],&quot;uri&quot;:&quot;app://kukufm/downloads/&quot;}],&quot;title&quot;:&quot;Don\u0027t miss out on these&quot;},&quot;purchase_date&quot;:&quot;04 Sep, 2025&quot;,&quot;renewal_date&quot;:&quot;12 Sep, 2025&quot;,&quot;show_cancel_premium&quot;:true,&quot;status&quot;:&quot;active&quot;,&quot;valid_till&quot;:&quot;12 Sep, 2025&quot;}],&quot;uuid&quot;:&quot;d5d27fa315d44547bcd2ffe8e93c960e&quot;,&quot;vip_user_identity&quot;:{&quot;is_vip_listened&quot;:false,&quot;n_vip_purchase&quot;:0},&quot;wallet&quot;:{&quot;free_coins&quot;:0,&quot;paid_coins&quot;:0,&quot;total_coins&quot;:0},&quot;youtube_channel&quot;:&quot;&quot;}</string>
    <string name="config">{&quot;account_invite_msg_v2&quot;:&quot;हेलो,\nक्‍या आप Kuku FM ऐप के बारे में जानते हैं? काफी बढ़िया ऐप है! यहां आप सुन सकते हैं प्‍यार, दोस्‍ती, क्राइम और भूतों की कहानियां, जीवन को नई राह दिखाने वाली प्रेरक ऑडियो बुक्‍स, धार्मिक ज्ञान, गानें-तराने और भी बहुत कुछ...जो आप चाहें! एक बार आप ऐप डाउनलोड करके तो देखिए छा जाएगा Kuku FM का नशा! सुनने में आपको भी आएगा बहुत मजा!\nhttps://kukufm.sng.link/Bpksi/3s34/j2kq?apn\u003dcom.vlv.aravali\u0026link\u003dhttp://kukufm.com/refer/?refer\u003d234917165\u0026utm_source\u003dAppShares\u0026utm_campaign\u003dOrganicShares\u0026utm_medium\u003dinvite_&quot;,&quot;in_app_update&quot;:&quot;0&quot;,&quot;bg_play_enabled_nudge_text&quot;:&quot;Listen while using other apps or with\nscreen locked&quot;,&quot;navbar_items_v1&quot;:[{&quot;icon_uri&quot;:&quot;bottom_nav_home_v2&quot;,&quot;id&quot;:&quot;nav_home&quot;,&quot;label&quot;:&quot;Home&quot;},{&quot;id&quot;:&quot;nav_forYou&quot;,&quot;label&quot;:&quot;For You&quot;},{&quot;id&quot;:&quot;nav_explore&quot;,&quot;label&quot;:&quot;Explore&quot;},{&quot;icon_uri&quot;:&quot;bottom_nav_myspace_v2&quot;,&quot;id&quot;:&quot;nav_mySpace&quot;,&quot;label&quot;:&quot;My Space&quot;}],&quot;coin_faqs_url&quot;:&quot;https://kukufm.com/shop-faqs/&quot;,&quot;content_types&quot;:[{&quot;color_info&quot;:{&quot;bg_color&quot;:&quot;#0F83A8&quot;,&quot;text_color&quot;:&quot;#0F83A8&quot;},&quot;id&quot;:14,&quot;image_info&quot;:{&quot;color&quot;:&quot;#FF4AB9&quot;,&quot;icon&quot;:&quot;https://images.cdn.kukufm.com/https://s3.ap-south-1.amazonaws.com/kukufm/quiz.png&quot;,&quot;image&quot;:&quot;https://images.cdn.kukufm.com/https://s3.ap-south-1.amazonaws.com/kukufm/content_type_icons/quiz_v5.png&quot;},&quot;slug&quot;:&quot;quiz&quot;,&quot;sub_types&quot;:[],&quot;title&quot;:&quot;क्विज&quot;},{&quot;color_info&quot;:{&quot;text_color&quot;:&quot;#FFFFFF&quot;,&quot;title_color&quot;:&quot;#FFFFFF&quot;},&quot;id&quot;:83,&quot;image_info&quot;:{},&quot;slug&quot;:&quot;kuku-upskill&quot;,&quot;sub_types&quot;:[],&quot;title&quot;:&quot;कुकू अपस्किल&quot;},{&quot;color_info&quot;:{&quot;text_color&quot;:&quot;#FFFFFF&quot;,&quot;title_color&quot;:&quot;#FFFFFF&quot;},&quot;id&quot;:17,&quot;image_info&quot;:{},&quot;slug&quot;:&quot;novel&quot;,&quot;sub_types&quot;:[],&quot;title&quot;:&quot;उपन्‍यास&quot;},{&quot;color_info&quot;:{&quot;text_color&quot;:&quot;#FFFFFF&quot;,&quot;title_color&quot;:&quot;#FFFFFF&quot;},&quot;id&quot;:5,&quot;image_info&quot;:{},&quot;slug&quot;:&quot;bytes&quot;,&quot;sub_types&quot;:[],&quot;title&quot;:&quot;बाइट्स&quot;},{&quot;color_info&quot;:{&quot;text_color&quot;:&quot;#FFFFFF&quot;,&quot;title_color&quot;:&quot;#FFFFFF&quot;},&quot;id&quot;:8,&quot;image_info&quot;:{},&quot;slug&quot;:&quot;series&quot;,&quot;sub_types&quot;:[],&quot;title&quot;:&quot;शृंखला&quot;},{&quot;color_info&quot;:{&quot;bg_color&quot;:&quot;#A040C2&quot;,&quot;text_color&quot;:&quot;#A040C2&quot;},&quot;id&quot;:6,&quot;image_info&quot;:{&quot;color&quot;:&quot;#FFCB61&quot;,&quot;icon&quot;:&quot;https://images.cdn.kukufm.com/https://s3.ap-south-1.amazonaws.com/kukufm/podcast.png&quot;,&quot;image&quot;:&quot;https://images.cdn.kukufm.com/https://s3.ap-south-1.amazonaws.com/kukufm/content_type_icons/podcast_v5.png&quot;},&quot;slug&quot;:&quot;podcast&quot;,&quot;sub_types&quot;:[],&quot;title&quot;:&quot;पॉडकास्ट&quot;},{&quot;color_info&quot;:{&quot;bg_color&quot;:&quot;#25D32C&quot;,&quot;text_color&quot;:&quot;#25D32C&quot;},&quot;id&quot;:4,&quot;image_info&quot;:{&quot;color&quot;:&quot;#007A49&quot;,&quot;icon&quot;:&quot;https://images.cdn.kukufm.com/https://s3.ap-south-1.amazonaws.com/kukufm/story.png&quot;,&quot;image&quot;:&quot;https://images.cdn.kukufm.com/https://s3.ap-south-1.amazonaws.com/kukufm/content_type_icons/story_v5.png&quot;},&quot;slug&quot;:&quot;story&quot;,&quot;sub_types&quot;:[],&quot;title&quot;:&quot;कहानी&quot;},{&quot;color_info&quot;:{&quot;bg_color&quot;:&quot;#40C2B3&quot;,&quot;text_color&quot;:&quot;#40C2B3&quot;},&quot;id&quot;:12,&quot;image_info&quot;:{&quot;color&quot;:&quot;#FF0037&quot;,&quot;icon&quot;:&quot;https://images.cdn.kukufm.com/https://s3.ap-south-1.amazonaws.com/kukufm/audio_books.png&quot;,&quot;image&quot;:&quot;https://images.cdn.kukufm.com/https://s3.ap-south-1.amazonaws.com/kukufm/content_type_icons/audio book_v5.png&quot;},&quot;slug&quot;:&quot;audio-book&quot;,&quot;sub_types&quot;:[{&quot;id&quot;:1,&quot;image_info&quot;:{&quot;image&quot;:&quot;https://images.cdn.kukufm.com/https://kukufm.s3.ap-south-1.amazonaws.com/genre_icons/fiction.png&quot;},&quot;slug&quot;:&quot;fiction&quot;,&quot;title&quot;:&quot;काल्पनिक&quot;},{&quot;id&quot;:5,&quot;image_info&quot;:{&quot;image&quot;:&quot;https://images.cdn.kukufm.com/https://kukufm.s3.ap-south-1.amazonaws.com/genre_icons/summary.png&quot;},&quot;slug&quot;:&quot;audiobook-summaries&quot;,&quot;title&quot;:&quot;ऑडियो बुक सारांश&quot;},{&quot;id&quot;:4,&quot;image_info&quot;:{&quot;image&quot;:&quot;https://images.cdn.kukufm.com/https://kukufm.s3.ap-south-1.amazonaws.com/genre_icons/non_fiction.png&quot;},&quot;slug&quot;:&quot;non-fiction&quot;,&quot;title&quot;:&quot;अकाल्पनिक&quot;}],&quot;title&quot;:&quot;फुल बुक्‍स&quot;},{&quot;color_info&quot;:{&quot;bg_color&quot;:&quot;#1AD2DE&quot;,&quot;text_color&quot;:&quot;#004D5E&quot;},&quot;id&quot;:15,&quot;image_info&quot;:{&quot;color&quot;:&quot;#1AD2DE&quot;,&quot;icon&quot;:&quot;&quot;,&quot;image&quot;:&quot;https://images.cdn.kukufm.com/https://kukufm.s3.ap-south-1.amazonaws.com/content_type_icons/book_summary.png&quot;},&quot;slug&quot;:&quot;book-summary&quot;,&quot;sub_types&quot;:[],&quot;title&quot;:&quot;बुक समरी&quot;},{&quot;color_info&quot;:{&quot;bg_color&quot;:&quot;#F34F4F&quot;,&quot;text_color&quot;:&quot;#F34F4F&quot;},&quot;id&quot;:3,&quot;image_info&quot;:{&quot;color&quot;:&quot;#6133DD&quot;,&quot;icon&quot;:&quot;https://images.cdn.kukufm.com/https://s3.ap-south-1.amazonaws.com/kukufm/news.png&quot;,&quot;image&quot;:&quot;https://images.cdn.kukufm.com/https://s3.ap-south-1.amazonaws.com/kukufm/content_type_icons/news_v5.png&quot;},&quot;slug&quot;:&quot;news&quot;,&quot;sub_types&quot;:[],&quot;title&quot;:&quot;न्यूज़&quot;},{&quot;color_info&quot;:{&quot;bg_color&quot;:&quot;#5240C2&quot;,&quot;text_color&quot;:&quot;#5240C2&quot;},&quot;id&quot;:10,&quot;image_info&quot;:{&quot;color&quot;:&quot;#31ADD3&quot;,&quot;icon&quot;:&quot;https://images.cdn.kukufm.com/https://s3.ap-south-1.amazonaws.com/kukufm/course.png&quot;,&quot;image&quot;:&quot;https://images.cdn.kukufm.com/https://s3.ap-south-1.amazonaws.com/kukufm/content_type_icons/course_v5.png&quot;},&quot;slug&quot;:&quot;course&quot;,&quot;sub_types&quot;:[],&quot;title&quot;:&quot;कोर्स&quot;},{&quot;color_info&quot;:{&quot;bg_color&quot;:&quot;#69B74E&quot;,&quot;text_color&quot;:&quot;#FFFFFF&quot;},&quot;id&quot;:7,&quot;image_info&quot;:{&quot;color&quot;:&quot;#69B74E&quot;,&quot;icon&quot;:&quot;&quot;,&quot;image&quot;:&quot;https://images.cdn.kukufm.com/https://kukufm.s3.ap-south-1.amazonaws.com/content_type_icons/poetry_image_v2.png&quot;},&quot;slug&quot;:&quot;poems-shayari&quot;,&quot;sub_types&quot;:[],&quot;title&quot;:&quot;कविता और शायरी&quot;}],&quot;demographic_options&quot;:{&quot;age_bracket&quot;:[&quot;15-20&quot;,&quot;21-25&quot;,&quot;26-30&quot;,&quot;31-35&quot;,&quot;36-40&quot;,&quot;41-45&quot;,&quot;46-50&quot;,&quot;51-55&quot;,&quot;56-60&quot;,&quot;Older&quot;],&quot;occupation&quot;:[&quot;Student&quot;,&quot;Self-Employed&quot;,&quot;Govt. Employee&quot;,&quot;Salaried&quot;]},&quot;disable_listening_schedule_add_button&quot;:true,&quot;earn_coins_url&quot;:&quot;https://kukufm.com/earn-coins/&quot;,&quot;is_subscription_international_flow&quot;:false,&quot;enable_genre_onboarding_post_payment&quot;:false,&quot;enable_interactive_scrolling_list&quot;:false,&quot;explore_tab_items&quot;:[{&quot;is_selected&quot;:false,&quot;slug&quot;:&quot;trending&quot;,&quot;title&quot;:&quot;Trending&quot;,&quot;uri&quot;:&quot;/api/v1.0/home/explore-grid/&quot;},{&quot;is_selected&quot;:false,&quot;slug&quot;:&quot;genres&quot;,&quot;title&quot;:&quot;Genres&quot;,&quot;uri&quot;:&quot;/api/v2.1/home/explore/&quot;}],&quot;firebase_blacklisted_events&quot;:[&quot;battery_level&quot;,&quot;volume_change&quot;,&quot;device_category&quot;,&quot;time_of_day&quot;,&quot;brightness_adjustments&quot;,&quot;ott_app_install_status&quot;,&quot;memory_usage&quot;,&quot;play_store_country&quot;,&quot;cpu_usage&quot;,&quot;download_utils_get_download_manager_not_initialised&quot;],&quot;free_platform_config&quot;:{&quot;show_free_session_shortcut&quot;:false},&quot;guilt_data_for_rnpl&quot;:{&quot;show_to_existing_subscriber&quot;:false},&quot;head_phone_nudge_text&quot;:&quot;Unlock the full potential of our audiobook experience with headphones&quot;,&quot;hide_mini_player_cross_icon&quot;:false,&quot;home_top_bar&quot;:{&quot;is_coin_store_visible&quot;:false,&quot;is_content_language_visible&quot;:true,&quot;is_kuku_logo&quot;:true,&quot;is_profile_visible&quot;:true,&quot;is_search_bar_visible&quot;:true},&quot;is_ad_enabled&quot;:false,&quot;enable_payment_for_anonymous&quot;:true,&quot;is_app_update_nudge_enabled&quot;:true,&quot;is_coin_alacarte&quot;:true,&quot;is_coin_based_monetization&quot;:false,&quot;is_coin_premium&quot;:false,&quot;is_coin_store_nudge_enabled&quot;:false,&quot;is_episode_paywall_enabled&quot;:false,&quot;is_gamification_enabled&quot;:false,&quot;is_gamification_seen&quot;:false,&quot;is_international&quot;:false,&quot;is_invoice_enabled&quot;:true,&quot;is_language_nudge_enabled&quot;:false,&quot;is_league_result_available&quot;:false,&quot;is_new_leaderboard_available&quot;:false,&quot;firebase_experiment_enabled&quot;:true,&quot;is_notification_nudge_enabled&quot;:false,&quot;otp_auth_available&quot;:true,&quot;is_served_mlt&quot;:{&quot;on_back&quot;:true,&quot;on_scroll_up&quot;:true},&quot;is_special_animation_enabled&quot;:false,&quot;is_tangential_details_supported&quot;:false,&quot;is_udc_dismissible&quot;:true,&quot;is_vip_language_enable&quot;:true,&quot;is_vip_only&quot;:false,&quot;is_vip_show_free_coins&quot;:true,&quot;is_web_coin_store_enabled&quot;:false,&quot;kafka_no_auth_whitelisted_events&quot;:[&quot;notification_received&quot;,&quot;notification_error&quot;,&quot;notification_type&quot;,&quot;notification_dismiss&quot;,&quot;timer_notification_error&quot;,&quot;invalid_notification_uri&quot;,&quot;send_event_exception&quot;,&quot;fcm_token_remotely_updated&quot;,&quot;fcm_token_remote_update_failed&quot;,&quot;jwt_refresh_from_notification_failed&quot;,&quot;empty_token_found&quot;,&quot;empty_token_received&quot;,&quot;api_failed&quot;,&quot;api_error&quot;,&quot;api_time_more_than_500ms&quot;,&quot;play_store_country&quot;,&quot;play_store_country_query_failed&quot;,&quot;splash_screen_viewed&quot;,&quot;splash_screen_exited&quot;,&quot;advertising_id_fetched&quot;,&quot;login_screen_viewed&quot;,&quot;login_activity_created&quot;,&quot;login_page_started&quot;,&quot;login_started&quot;,&quot;login_completed&quot;],&quot;languages&quot;:[{&quot;color&quot;:&quot;#FD6233&quot;,&quot;color_info&quot;:{&quot;bg_color&quot;:&quot;#F8EBD0&quot;,&quot;text_color&quot;:&quot;#A16400&quot;},&quot;id&quot;:1,&quot;image&quot;:&quot;https://images.cdn.kukufm.com/https://kukufm.s3.ap-south-1.amazonaws.com/icons/hindi_1.png&quot;,&quot;is_new&quot;:false,&quot;is_selected&quot;:true,&quot;load_static_home&quot;:true,&quot;popShown&quot;:false,&quot;short_title&quot;:&quot;ह&quot;,&quot;slug&quot;:&quot;hindi&quot;,&quot;title_secondary&quot;:&quot;Hindi&quot;,&quot;title&quot;:&quot;हिंदी&quot;,&quot;uri&quot;:&quot;app://kukufm/home-lang/hindi&quot;},{&quot;color&quot;:&quot;#0089B5&quot;,&quot;color_info&quot;:{&quot;bg_color&quot;:&quot;#DCF7BD&quot;,&quot;text_color&quot;:&quot;#0350AA&quot;},&quot;id&quot;:3,&quot;image&quot;:&quot;https://images.cdn.kukufm.com/https://kukufm.s3.ap-south-1.amazonaws.com/icons/telugu_1.png&quot;,&quot;is_new&quot;:false,&quot;is_selected&quot;:false,&quot;load_static_home&quot;:true,&quot;popShown&quot;:false,&quot;short_title&quot;:&quot;త&quot;,&quot;slug&quot;:&quot;telugu&quot;,&quot;title_secondary&quot;:&quot;Telugu&quot;,&quot;title&quot;:&quot;తెలుగు&quot;,&quot;uri&quot;:&quot;app://kukufm/home-lang/telugu&quot;},{&quot;color&quot;:&quot;#282E34&quot;,&quot;color_info&quot;:{&quot;bg_color&quot;:&quot;#D4D5E3&quot;,&quot;text_color&quot;:&quot;#3239D5&quot;},&quot;id&quot;:9,&quot;image&quot;:&quot;https://images.cdn.kukufm.com/https://kukufm.s3.ap-south-1.amazonaws.com/icons/malayalam_1.png&quot;,&quot;is_new&quot;:false,&quot;is_selected&quot;:false,&quot;load_static_home&quot;:true,&quot;popShown&quot;:false,&quot;short_title&quot;:&quot;ള&quot;,&quot;slug&quot;:&quot;malayalam&quot;,&quot;title_secondary&quot;:&quot;Malayalam&quot;,&quot;title&quot;:&quot;മലയാളം&quot;,&quot;uri&quot;:&quot;app://kukufm/home-lang/malayalam&quot;},{&quot;color_info&quot;:{&quot;bg_color&quot;:&quot;#F9F2E1&quot;,&quot;text_color&quot;:&quot;#A2890B&quot;},&quot;id&quot;:13,&quot;image&quot;:&quot;https://images.cdn.kukufm.com/https://kukufm.s3.ap-south-1.amazonaws.com/icons/kannada_1.png&quot;,&quot;is_new&quot;:false,&quot;is_selected&quot;:false,&quot;load_static_home&quot;:true,&quot;popShown&quot;:false,&quot;short_title&quot;:&quot;ಕ&quot;,&quot;slug&quot;:&quot;kannada&quot;,&quot;title_secondary&quot;:&quot;Kannada&quot;,&quot;title&quot;:&quot;ಕನ್ನಡ&quot;,&quot;uri&quot;:&quot;app://kukufm/home-lang/kannada&quot;},{&quot;color&quot;:&quot;#4F55C8&quot;,&quot;color_info&quot;:{&quot;bg_color&quot;:&quot;#F3C5F7&quot;,&quot;text_color&quot;:&quot;#8A00BE&quot;},&quot;id&quot;:5,&quot;image&quot;:&quot;https://images.cdn.kukufm.com/https://kukufm.s3.ap-south-1.amazonaws.com/icons/bangla_1.png&quot;,&quot;is_new&quot;:false,&quot;is_selected&quot;:false,&quot;load_static_home&quot;:true,&quot;popShown&quot;:false,&quot;short_title&quot;:&quot;বা&quot;,&quot;slug&quot;:&quot;bengali&quot;,&quot;title_secondary&quot;:&quot;Bangla&quot;,&quot;title&quot;:&quot;বাংলা&quot;,&quot;uri&quot;:&quot;app://kukufm/home-lang/bengali&quot;},{&quot;color&quot;:&quot;#282E34&quot;,&quot;color_info&quot;:{&quot;bg_color&quot;:&quot;#EBCEF5&quot;,&quot;text_color&quot;:&quot;#671584&quot;},&quot;id&quot;:8,&quot;image&quot;:&quot;https://images.cdn.kukufm.com/https://kukufm.s3.ap-south-1.amazonaws.com/icons/tamil_2.png&quot;,&quot;is_new&quot;:false,&quot;is_selected&quot;:false,&quot;load_static_home&quot;:true,&quot;popShown&quot;:false,&quot;short_title&quot;:&quot;த&quot;,&quot;slug&quot;:&quot;tamil&quot;,&quot;title_secondary&quot;:&quot;Tamil&quot;,&quot;title&quot;:&quot;தமிழ்&quot;,&quot;uri&quot;:&quot;app://kukufm/home-lang/tamil&quot;},{&quot;color&quot;:&quot;#1EC39A&quot;,&quot;color_info&quot;:{&quot;bg_color&quot;:&quot;#F8D3DB&quot;,&quot;text_color&quot;:&quot;#A40023&quot;},&quot;id&quot;:2,&quot;image&quot;:&quot;https://images.cdn.kukufm.com/https://kukufm.s3.ap-south-1.amazonaws.com/icons/english_2.png&quot;,&quot;is_new&quot;:false,&quot;is_selected&quot;:false,&quot;load_static_home&quot;:true,&quot;popShown&quot;:false,&quot;short_title&quot;:&quot;Aa&quot;,&quot;slug&quot;:&quot;english&quot;,&quot;title_secondary&quot;:&quot;English&quot;,&quot;title&quot;:&quot;English&quot;,&quot;uri&quot;:&quot;app://kukufm/home-lang/english&quot;}],&quot;live_match_commentary_data&quot;:{},&quot;otp_country_codes&quot;:[&quot;91&quot;,&quot;1&quot;],&quot;payment_flows&quot;:[{&quot;flow&quot;:&quot;juspay&quot;,&quot;type&quot;:&quot;coin&quot;},{&quot;flow&quot;:&quot;juspay&quot;,&quot;type&quot;:&quot;subscription&quot;}],&quot;renewal_payment_pending_data&quot;:{},&quot;reporting_reasons&quot;:{&quot;quality_not_ok&quot;:&quot;Quality Not OK&quot;,&quot;not_playing&quot;:&quot;Not Able To Play&quot;,&quot;others&quot;:&quot;Others&quot;},&quot;search_suggestions&quot;:true,&quot;search_tab_items&quot;:[&quot;Trending&quot;,&quot;Genres&quot;],&quot;should_show_demographic_popup&quot;:true,&quot;show_7_days_ft_nudge&quot;:false,&quot;show_anonymous_login_cross_btn&quot;:true,&quot;show_comment_animation&quot;:false,&quot;show_language_change_icon&quot;:true,&quot;show_leaderboard_intro_popup&quot;:false,&quot;show_new_search_ui&quot;:true,&quot;show_udc_questions&quot;:false,&quot;show_unlock_episode_post_payment&quot;:true,&quot;subscription_pause_durations&quot;:[{&quot;label&quot;:&quot;1 Month&quot;,&quot;value&quot;:30},{&quot;label&quot;:&quot;2 Months&quot;,&quot;value&quot;:60},{&quot;label&quot;:&quot;3 Months&quot;,&quot;value&quot;:90}],&quot;top_bar&quot;:{&quot;is_coin_store_visible&quot;:true,&quot;is_content_language_visible&quot;:true,&quot;is_kuku_logo&quot;:true,&quot;is_profile_visible&quot;:true,&quot;is_search_bar_visible&quot;:true},&quot;udc_delay_timer&quot;:0,&quot;udc_playstore_nudge&quot;:true,&quot;upgrade_plan_data&quot;:{}}</string>
    <boolean name="mlt_is_ads_watching_started" value="false" />
</map>
