<?xml version='1.0' encoding='utf-8' standalone='yes' ?>
<map>
    <long name="com.google.firebase.perf.NetworkRequestSamplingRate" value="4575986133213491874" />
    <boolean name="com.google.firebase.perf.ExperimentTTID" value="true" />
    <long name="com.google.firebase.perf.FragmentSamplingRate" value="4591870180066957722" />
    <boolean name="com.google.firebase.perf.SdkEnabled" value="true" />
    <long name="com.google.firebase.perf.TraceSamplingRate" value="4607182418800017408" />
    <long name="com.google.firebase.perf.TimeLimitSec" value="600" />
    <string name="com.google.firebase.perf.LogSourceName">FIREPERF</string>
    <string name="com.google.firebase.perf.SdkDisabledVersions"></string>
    <long name="com.google.firebase.perf.TraceEventCountForeground" value="300" />
    <long name="com.google.firebase.perf.SessionSamplingRate" value="4561764890407468457" />
    <long name="com.google.firebase.perf.TraceEventCountBackground" value="30" />
</map>
