<?xml version='1.0' encoding='utf-8' standalone='yes' ?>
<map>
    <set name="fire-perf/20.4.0 kotlin/2.0.21 device-brand/vivo fire-analytics/21.3.0 android-min-sdk/23 fire-core-ktx/unspecified fire-fcm/23.2.0 fire-sessions/1.0.0 fire-abt/21.1.1 fire-android/34 fire-core/20.3.3 device-name/2141i fire-installations/17.1.3 android-installer/com.google.android.packageinstaller android-platform/ fire-rc/21.4.1 fire-auth/22.1.0 fire-dl/21.1.0 fire-transport/18.1.8 fire-cls/18.4.0 android-target-sdk/34 device-model/2141">
        <string>2025-09-09</string>
    </set>
    <long name="fire-count" value="2" />
    <string name="last-used-date">2025-09-11</string>
    <long name="fire-global" value="1757612706817" />
</map>
