<?xml version='1.0' encoding='utf-8' standalone='yes' ?>
<map>
    <long name="fire-count" value="2" />
    <string name="last-used-date">2025-08-30</string>
    <long name="fire-global" value="1756541568656" />
    <set name="kotlin/2.0.21 fire-perf/20.4.0 device-name/7695fecb4cb6944a fire-analytics/21.3.0 android-min-sdk/23 device-brand/90819f0877732da2 fire-fcm/23.2.0 fire-core-ktx/unspecified fire-sessions/1.0.0 fire-abt/21.1.1 fire-core/20.3.3 fire-android/35 android-installer/com.android.vending fire-installations/17.1.3 android-platform/ fire-rc/21.4.1 fire-dl/21.1.0 fire-auth/22.1.0 android-target-sdk/27 fire-transport/18.1.8 fire-cls/18.4.0 device-model/7fb2420679ae7f9b">
        <string>2025-08-26</string>
    </set>
</map>
