<?xml version='1.0' encoding='utf-8' standalone='yes' ?>
<map>
    <string name="core_user_identifiers">{&quot;uid&quot;:&quot;251593311&quot;}</string>
    <int name="appVersion" value="5040201" />
    <string name="user_session">{&quot;session_id&quot;:&quot;48edd734-6a08-47b5-9d87-902fb3216852&quot;,&quot;start_time&quot;:&quot;2025-10-12T19:22:19.983Z&quot;,&quot;last_interaction_time&quot;:1760296948134}</string>
    <int name="core_module_synced_app_version" value="5040201" />
    <long name="last_event_sync_time" value="1760296951663" />
    <string name="core_debugger_log_config">{&quot;logLevel&quot;:0,&quot;isLoggingEnabled&quot;:false,&quot;expiryTime&quot;:-1}</string>
    <string name="core_device_unique_id">1996ef99-0cb2-401e-bdb6-c471ed5288ea</string>
    <long name="inapp_last_sync_time" value="1760296940" />
    <set name="sent_activity_list">
        <string>com.vlv.aravali.premium.PremiumTabParentActivity</string>
        <string>com.vlv.aravali.payments.common.ui.PaymentFailedActivity</string>
        <string>in.juspay.hypernfc.NfcActivity</string>
        <string>com.vlv.aravali.playerMedia3.ui.PlayerActivity</string>
        <string>com.moengage.pushbase.activities.PushClickDialogTracker</string>
        <string>androidx.compose.ui.tooling.PreviewActivity</string>
        <string>com.vlv.aravali.views.activities.WebViewActivity</string>
        <string>com.vlv.aravali.views.activities.SplashActivity</string>
        <string>com.vlv.aravali.reels.view.v1.ReelsActivity</string>
        <string>com.android.billingclient.api.ProxyBillingActivityV2</string>
        <string>com.vlv.aravali.payments.legacy.ui.activity.SubsCancellationActivity</string>
        <string>com.vlv.aravali.payments.juspay.ui.JuspayPaymentActivity</string>
        <string>com.google.firebase.auth.internal.RecaptchaActivity</string>
        <string>com.vlv.aravali.settings.ui.AccountVerificationActivity</string>
        <string>com.vlv.aravali.payments.legacy.ui.activity.PauseSubscriptionActivity</string>
        <string>com.google.android.gms.ads.OutOfContextTestingActivity</string>
        <string>com.moengage.inbox.ui.view.InboxActivity</string>
        <string>com.vlv.aravali.signup.ui.activities.SignupActivity</string>
        <string>com.vlv.aravali.reelsTrailer.view.ReelsTrailerActivity</string>
        <string>com.google.android.gms.ads.AdActivity</string>
        <string>androidx.credentials.playservices.HiddenActivity</string>
        <string>easypay.appinvoke.AnalyticsManagerInfoDisplayActivity</string>
        <string>com.vlv.aravali.onboarding.ui.OnboardingActivity</string>
        <string>com.facebook.FacebookActivity</string>
        <string>com.vlv.aravali.livestream.ui.LiveStreamActivity</string>
        <string>com.moe.pushlibrary.activities.MoEActivity</string>
        <string>com.google.firebase.auth.internal.GenericIdpActivity</string>
        <string>com.facebook.CustomTabMainActivity</string>
        <string>com.vlv.aravali.reviewSubmit.activities.ReviewSubmitActivityV2</string>
        <string>com.moengage.sdk.debugger.MoEDebuggerActivity</string>
        <string>com.google.android.play.core.common.PlayCoreDialogWrapperActivity</string>
        <string>com.vlv.aravali.views.activities.ExpandedImageActivity</string>
        <string>com.moengage.hms.pushkit.PushClickTracker</string>
        <string>com.google.android.gms.ads.NotificationHandlerActivity</string>
        <string>com.vlv.aravali.payments.legacy.ui.activity.LegacyPaymentActivity</string>
        <string>com.vlv.aravali.payments.optimizer.ui.PaymentActivity</string>
        <string>com.google.android.gms.common.api.GoogleApiActivity</string>
        <string>com.vlv.aravali.coins.ui.activities.CoinsPaymentActivity</string>
        <string>com.google.android.gms.auth.api.signin.internal.SignInHubActivity</string>
        <string>com.moengage.cards.ui.CardActivity</string>
        <string>com.moengage.pushbase.internal.activity.PermissionActivity</string>
        <string>com.paytm.pgsdk.PaytmPGActivity</string>
        <string>in.juspay.hypersdk.core.CustomtabResult</string>
        <string>com.canhub.cropper.CropImageActivity</string>
        <string>com.facebook.CustomTabActivity</string>
        <string>com.moengage.pushbase.activities.PushTracker</string>
        <string>com.vlv.aravali.stories.ui.LookBackActivity</string>
        <string>com.android.billingclient.api.ProxyBillingActivity</string>
        <string>com.vlv.aravali.views.activities.BaseUIActivity</string>
        <string>com.paytm.pgsdk.AioMatchUserActivity</string>
        <string>androidx.core.google.shortcuts.TrampolineActivity</string>
        <string>com.moengage.inapp.internal.activity.MoEInAppActivity</string>
        <string>com.yellowmessenger.ymchat.YellowBotWebViewActivity</string>
        <string>com.vlv.aravali.master.ui.MasterActivity</string>
        <string>in.juspay.hypersdk.core.CustomtabActivity</string>
    </set>
    <string name="registration_id">dCMv5leGQNG0_k8xbHZdCc:APA91bH4PIWmWnvs1sgZeGV71bVnG0US_lyK0YtC5DGcK-bAvEfVui1VPWvkcrFg1qjooTLwLazVuynGosQ4kQSWjhJ33bLBHPDHaASp1X-kVmRsUVODWHw</string>
    <boolean name="pref_installed" value="true" />
    <boolean name="is_device_registered" value="true" />
    <long name="last_config_sync_time" value="1760296940704" />
    <string name="core_moengage_environment">DEFAULT</string>
    <long name="notification_permission_tracked_time" value="1760296940134" />
    <long name="events_batch_number" value="8" />
    <long name="inapp_api_sync_delay" value="900" />
    <boolean name="has_registered_for_verification" value="false" />
    <long name="inapp_html_assets_delete_time" value="1760296940" />
    <long name="in_app_global_delay" value="900" />
    <string name="APP_UUID">fa2d3fd1-93b8-4006-bb9d-64a6499d7062</string>
    <string name="user_attribute_unique_id">251593311</string>
</map>
