{"Fid":"fiovwZPNRTi_Q_KFpagKiA","Status":3,"AuthToken":"eyJhbGciOiJFUzI1NiIsInR5cCI6IkpXVCJ9.eyJhcHBJZCI6IjE6ODUwMjIwMDM3MDgxOmFuZHJvaWQ6YjgyMDdhYzQwNzViNWUxMTI3NWZjOCIsImV4cCI6MTc1ODY5MzA0NCwiZmlkIjoiZmlvdndaUE5SVGlfUV9LRnBhZ0tpQSIsInByb2plY3ROdW1iZXIiOjg1MDIyMDAzNzA4MX0.AB2LPV8wRgIhAL5Hq91mZ8TxyvmsuL8sEOiNfwSI3YnIhWkh1rSuUb0WAiEAg4PNmTqtsK1SL-Qt1krWFKoF7aotgY19eorwFG1m7-M","RefreshToken":"3_AS3qfwKRHGq7HlpIusogwd-lNVCLQWkp_6ZWqGUJVOS4tuNs3nECHz3bCpS0gYGc3O6jFdCPk-GLiE_x_NbcFtcKbC7gTyD9DWvjKnPLZ-sSX_8","TokenCreationEpochInSecs":1758088243,"ExpiresInSecs":604800}