{"Fid":"fmcDJ06sRsWihcDELoYcvP","Status":3,"AuthToken":"eyJhbGciOiJFUzI1NiIsInR5cCI6IkpXVCJ9.eyJhcHBJZCI6IjE6ODUwMjIwMDM3MDgxOmFuZHJvaWQ6YjgyMDdhYzQwNzViNWUxMTI3NWZjOCIsImV4cCI6MTc1OTQyMDUwMywiZmlkIjoiZm1jREowNnNSc1dpaGNERUxvWWN2UCIsInByb2plY3ROdW1iZXIiOjg1MDIyMDAzNzA4MX0.AB2LPV8wRAIgIuTiWicKfusq6nRUY3hcsIkpMsZU-N1f0Rn3eNJI8qoCIBjdrXLpkYcHzDDDj_ulmsiruysMWTuHWD8SqUqhDyXL","RefreshToken":"3_AS3qfwJFTwUTMA0HvW46WeOjHXXZb491oBawlyLUTeD1OnFu5CGZLqAz1x1GYeXkA3j6NLmly1ftS7fkL9B11Q_96Kz_fgsZhbcyjNHuYTS6tTI","TokenCreationEpochInSecs":1758815703,"ExpiresInSecs":604800}