{"Fid":"dPW8TKrtQbK-RIJxqY9zBc","Status":3,"AuthToken":"eyJhbGciOiJFUzI1NiIsInR5cCI6IkpXVCJ9.eyJhcHBJZCI6IjE6ODUwMjIwMDM3MDgxOmFuZHJvaWQ6YjgyMDdhYzQwNzViNWUxMTI3NWZjOCIsImV4cCI6MTc2MDQzNTk0NSwiZmlkIjoiZFBXOFRLcnRRYkstUklKeHFZOXpCYyIsInByb2plY3ROdW1iZXIiOjg1MDIyMDAzNzA4MX0.AB2LPV8wRQIgWGrxW32nJfFtfRPLF1X0QOv77skk7ir91igrSNwuGewCIQDqgeQ-uubQLQ0UsAsN8HL8BOEcUqKyT1oJLE1wzTsfZQ","RefreshToken":"3_AS3qfwLlL_Wp7ebsq5ShICYyR1CbN7pFgUSfk3cc3hGXQEfMJpZB2ept4DcVqFbUOpG3M3Sot8vjiUhXZoe0iu9coJT5Vcar7F2YrKZa3gxXTw","TokenCreationEpochInSecs":1759831145,"ExpiresInSecs":604800}