{"Fid":"fh_KC2_zSOmhvSU84Hntlf","Status":3,"AuthToken":"eyJhbGciOiJFUzI1NiIsInR5cCI6IkpXVCJ9.eyJhcHBJZCI6IjE6ODUwMjIwMDM3MDgxOmFuZHJvaWQ6YjgyMDdhYzQwNzViNWUxMTI3NWZjOCIsImV4cCI6MTc1ODY0NTgzOSwiZmlkIjoiZmhfS0MyX3pTT21odlNVODRIbnRsZiIsInByb2plY3ROdW1iZXIiOjg1MDIyMDAzNzA4MX0.AB2LPV8wRQIgNwhdz23OU1eXGWzOGjOFk228ENz4NtIYQolMoeWv06UCIQDLT-S6UENI9NgyZxoBhMwfMBqm2tipqGzEkGYJkEPXig","RefreshToken":"3_AS3qfwISlIJd5YEj0fk93HC-cXjMSx2GRU0wdDyR94hrt67IU_V7iZAMPW7tvqReKeIRHmfmkBuCxhlAr4EbO3ABKRF4TViUEvHuV-qSOwJXJQ","TokenCreationEpochInSecs":1758041038,"ExpiresInSecs":604800}