{"Fid":"e-CxWUQyQuGNO_jMqu-He8","Status":3,"AuthToken":"eyJhbGciOiJFUzI1NiIsInR5cCI6IkpXVCJ9.eyJhcHBJZCI6IjE6ODUwMjIwMDM3MDgxOmFuZHJvaWQ6YjgyMDdhYzQwNzViNWUxMTI3NWZjOCIsImV4cCI6MTc1NjgwNjMxNiwiZmlkIjoiZS1DeFdVUXlRdUdOT19qTXF1LUhlOCIsInByb2plY3ROdW1iZXIiOjg1MDIyMDAzNzA4MX0.AB2LPV8wRAIgY68doYuHzbX7nQ1hYT77nUoXJA--bKzJn_5LK94bHXgCIFlLfHyi0tDnBsFMc9bezm5Inp00k1Z2auv8iLX-zSxJ","RefreshToken":"3_AS3qfwKDFrUnTQ66uhGONRRv3RYAzZxhAEwKr85W_axUTl8njcABbN6PfZc8nSKqh27Q67gB-dP2uePVhXEFYzp5hR7qVL6nDxCJIrJ8tbqLhCo","TokenCreationEpochInSecs":1756201516,"ExpiresInSecs":604800}