{"Fid":"fDq_PmpYT0WJksqWY-Y7fS","Status":3,"AuthToken":"eyJhbGciOiJFUzI1NiIsInR5cCI6IkpXVCJ9.eyJhcHBJZCI6IjE6ODUwMjIwMDM3MDgxOmFuZHJvaWQ6YjgyMDdhYzQwNzViNWUxMTI3NWZjOCIsImV4cCI6MTc2MjQxOTA3NywiZmlkIjoiZkRxX1BtcFlUMFdKa3NxV1ktWTdmUyIsInByb2plY3ROdW1iZXIiOjg1MDIyMDAzNzA4MX0.AB2LPV8wRgIhAKtDluVxTmxdMoFX6M55hzpIy_BfXRYjbrWdNZ8IsJ1JAiEA5fpTDCT8NGXocWyihABlN9fuTU4RhI2JsudcXFTaWCY","RefreshToken":"3_AS3qfwI9G13vANROsUFkCwIjzP9vDy93F5DZ2aMrbp7oGaxOEoslUsJVyR-i8BtsjK_lWzxP4lspy_TgwNEqAUDUJgzUWO0UUQcsHQWSTdNvTy0","TokenCreationEpochInSecs":1761814277,"ExpiresInSecs":604800}