{"Fid":"ejj4lAhtS662UbY3jex1ij","Status":3,"AuthToken":"eyJhbGciOiJFUzI1NiIsInR5cCI6IkpXVCJ9.eyJhcHBJZCI6IjE6ODUwMjIwMDM3MDgxOmFuZHJvaWQ6YjgyMDdhYzQwNzViNWUxMTI3NWZjOCIsImV4cCI6MTc1ODIxNzczMCwiZmlkIjoiZWpqNGxBaHRTNjYyVWJZM2pleDFpaiIsInByb2plY3ROdW1iZXIiOjg1MDIyMDAzNzA4MX0.AB2LPV8wRQIhAJjItdS01pwUjrnSZ1ZHs7vq7m1yUaapNqjopjw7pM3zAiAUwKamYZttSNvs9svmdbLLqCRxOSQplFmGELe4c9Uqgg","RefreshToken":"3_AS3qfwLua9SCw_wU65HJF279UJ6StnLYkUGlj57i03kce9LM3oY0z5Xgpzm7FRVA22cdE2nG5BKHeBJyKM2nXvCvob_tc4CbJKZteM471rpDZNs","TokenCreationEpochInSecs":1757612929,"ExpiresInSecs":604800}