{"Fid":"f-aSB6MwQw2if5xjOiGZF-","Status":3,"AuthToken":"eyJhbGciOiJFUzI1NiIsInR5cCI6IkpXVCJ9.eyJhcHBJZCI6IjE6ODUwMjIwMDM3MDgxOmFuZHJvaWQ6YjgyMDdhYzQwNzViNWUxMTI3NWZjOCIsImV4cCI6MTc2MDU0NDY3MCwiZmlkIjoiZi1hU0I2TXdRdzJpZjV4ak9pR1pGLSIsInByb2plY3ROdW1iZXIiOjg1MDIyMDAzNzA4MX0.AB2LPV8wRAIgFxKyw2esz1epy4Wv2ccoisd9TJlDP5QjA9wOxNwlWAMCIFlONHHd6Vs5zkgC1nUoUamHBVW3gf6KU1eGOHSW7FPG","RefreshToken":"3_AS3qfwK_c9hWeSXJZeJh1KeSqZkeN5PSYwS45xgybSHmxxehmR1Nzzzo0ZUgfl-XnzfhvrkjD4c08Nc45BtDtTx0SjFxCJe1IbtyTojZkFepYA","TokenCreationEpochInSecs":1759939868,"ExpiresInSecs":604800}