{"Fid":"eqm64_jASOewd06A5Pf4zA","Status":3,"AuthToken":"eyJhbGciOiJFUzI1NiIsInR5cCI6IkpXVCJ9.eyJhcHBJZCI6IjE6ODUwMjIwMDM3MDgxOmFuZHJvaWQ6YjgyMDdhYzQwNzViNWUxMTI3NWZjOCIsImV4cCI6MTc2MDM2OTAzOSwiZmlkIjoiZXFtNjRfakFTT2V3ZDA2QTVQZjR6QSIsInByb2plY3ROdW1iZXIiOjg1MDIyMDAzNzA4MX0.AB2LPV8wRQIhAMzwOc9hb6MxcnR-nDJKZ1H7qrQYvWwvdpYldaxIb3V7AiBr7DjUpku3rj5CzfJh1ST_3ojmhjO4Sgi4_b_F6biAXw","RefreshToken":"3_AS3qfwKlNNcm0JIshyqCntzI27cswChIM4AZVr-XBMMFQv8oRKH-xe_ZtZEkL6SEmNP4jqeD2oggv75q5EReQEA297jkwUx91SnU6W1MHMncjg","TokenCreationEpochInSecs":1759764238,"ExpiresInSecs":604800}