{"Fid":"cKuOIx4kR8ipFgJ0PiET6T","Status":3,"AuthToken":"eyJhbGciOiJFUzI1NiIsInR5cCI6IkpXVCJ9.eyJhcHBJZCI6IjE6ODUwMjIwMDM3MDgxOmFuZHJvaWQ6YjgyMDdhYzQwNzViNWUxMTI3NWZjOCIsImV4cCI6MTc1ODA3OTA2OSwiZmlkIjoiY0t1T0l4NGtSOGlwRmdKMFBpRVQ2VCIsInByb2plY3ROdW1iZXIiOjg1MDIyMDAzNzA4MX0.AB2LPV8wRgIhAKyBo9ouGe4ujK2KUJ8J19VQgHFIBsDYkUtmPh03FNbIAiEArqWLqH8ZBmcD1mb8gO4we8kHUDfrMAlDS4HQuie1an0","RefreshToken":"3_AS3qfwIa63cVTHV_rwZabevQzAc9B6e0plRf3_pQRhayjqHPuUZ38r59NKfkZDMH5-jQXInC_ymVVpI3j30e_jzRV61bXPmpyHygIwZpM2acPiA","TokenCreationEpochInSecs":1757474269,"ExpiresInSecs":604800}